eccentricity, center_radius
1.2078, 0.033759
0.32488, 0.063555
1.4979, 0.079092
3.4152, 0.075718
