eccentricity, excitatory_radius
1.4736, 0.11110
0.29847, 0.18797
3.3705, 0.19554
1.2301, 0.40377
4.5623, 0.54782
