eccentricity, inhibitory_radius
1.2299, 0.42416
0.26738, 0.65712
1.4706, 0.82518
3.3422, 1.4332
4.5722, 1.0075
