eccentricity, surround_radius
4.5879, 0.79593
3.3900, 0.58403
0.33135, 0.47275
1.2489, 0.49637
1.4783, 0.65844
